City_ID,City,Lat,Lng,Max Temp,Humidity,Cloudiness,Wind Speed,Country,Date
0,kempsey,-31.0833,152.8333,6.08,87,13,1.34,AU,1686337471
1,walvis bay,-22.9575,14.5053,13.94,76,0,5.18,NA,1686337628
2,sitka,57.0531,-135.33,11.94,87,100,0.0,US,1686337628
3,pangody,65.85,74.4859,4.28,59,4,2.69,RU,1686337629
4,iqaluit,63.7506,-68.5145,4.83,75,100,2.24,CA,1686337629
5,isafjordur,66.0755,-23.124,7.02,93,75,4.12,IS,1686337629
6,hawaiian paradise park,19.5933,-154.9731,27.07,72,20,3.09,US,1686337630
7,bethel,41.3712,-73.414,22.05,54,75,3.09,US,1686337474
8,invercargill,-46.4,168.35,0.62,92,5,1.77,NZ,1686337630
9,port-aux-francais,-49.35,70.2167,5.89,82,31,8.31,TF,1686337630
10,puerto ayora,-0.7393,-90.3518,29.98,90,54,0.89,EC,1686337631
11,adamstown,-25.066,-130.1015,20.56,68,61,5.89,PN,1686337631
12,qaqortoq,60.7167,-46.0333,6.19,62,19,1.32,GL,1686337631
13,longyearbyen,78.2186,15.6401,1.91,87,75,7.2,SJ,1686337382
14,stanley,54.868,-1.6985,12.08,81,52,3.27,GB,1686337151
15,ketchikan,55.3422,-131.6461,16.26,63,75,5.14,US,1686337564
16,utrik,11.2278,169.8474,27.81,81,87,6.6,MH,1686337632
17,lompoc,34.6391,-120.4579,17.51,78,100,1.79,US,1686337632
18,kidal,18.4411,1.4078,38.8,10,6,4.38,ML,1686337632
19,puerto baquerizo moreno,-0.9,-89.6,29.55,70,40,4.63,EC,1686337632
20,ilulissat,69.2167,-51.1,4.01,65,75,1.54,GL,1686337633
21,ust'-ilimsk,58.0006,102.6619,18.97,75,100,1.58,RU,1686337633
22,canico,32.6333,-16.85,23.17,83,40,1.54,PT,1686337633
23,jinchang,38.4953,102.1739,23.36,18,66,2.93,CN,1686337634
24,blackmans bay,-43.0167,147.3167,9.85,67,56,4.46,AU,1686337634
25,ust-nera,64.5667,143.2,14.7,67,100,1.4,RU,1686337535
26,ushuaia,-54.8,-68.3,2.81,87,75,7.72,AR,1686337545
27,waitangi,-43.9535,-176.5597,10.46,89,100,0.89,NZ,1686337634
28,borskoye,53.0333,51.7167,14.88,70,3,0.95,RU,1686337635
29,edinburgh of the seven seas,-37.0676,-12.3116,14.31,78,100,13.08,SH,1686337635
30,papatowai,-46.5619,169.4708,2.91,79,2,1.15,NZ,1686337635
31,barcelos,41.5388,-8.6151,21.58,93,84,3.48,PT,1686337602
32,jamestown,42.097,-79.2353,15.01,86,100,4.12,US,1686336942
33,mount pearl,47.5166,-52.7813,11.03,96,100,3.6,CA,1686337427
34,weno,7.4515,151.8468,28.0,80,100,3.16,FM,1686337635
35,mount gambier,-37.8333,140.7667,10.98,81,96,3.2,AU,1686337353
36,federal,-30.9547,-58.7833,27.81,52,66,3.41,AR,1686337636
37,coquimbo,-29.9533,-71.3436,18.85,72,0,5.66,CL,1686337210
38,fort bragg,35.139,-79.006,27.89,28,40,2.06,US,1686337308
39,beau vallon,-20.4189,57.6953,24.13,78,40,3.6,MU,1686337636
40,grytviken,-54.2811,-36.5092,0.15,92,99,2.01,GS,1686337636
41,luderitz,-26.6481,15.1594,13.47,85,0,4.23,NA,1686337636
42,albany,42.6001,-73.9662,18.82,71,98,0.45,US,1686337462
43,mbaiki,3.8678,17.9892,21.15,97,100,0.58,CF,1686337637
44,kismayo,-0.3582,42.5454,26.4,80,74,6.73,SO,1686337637
45,trinity beach,-16.7888,145.6968,19.94,90,7,3.6,AU,1686337637
46,whitehorse,60.7161,-135.0538,15.57,54,100,4.47,CA,1686337638
47,badger,64.8,-147.5333,18.62,54,75,8.23,US,1686337638
48,constantia,44.1833,28.65,18.38,82,29,1.68,RO,1686337638
49,salinopolis,-0.6136,-47.3561,28.57,76,11,5.26,BR,1686337638
50,fillmore,43.6666,-92.1002,27.68,29,0,2.06,US,1686337638
51,broken hill,-31.95,141.4333,8.41,67,0,0.12,AU,1686337352
52,sihanoukville,10.6093,103.5296,25.97,94,40,0.0,KH,1686337639
53,ojinaga,29.5667,-104.4167,37.54,24,0,2.06,MX,1686337599
54,udachny,66.4167,112.4,16.75,70,99,3.06,RU,1686337639
55,puerto natales,-51.7236,-72.4875,5.25,56,75,5.66,CL,1686337639
56,margaret river,-33.95,115.0667,15.84,73,68,6.35,AU,1686337372
57,quang ngai,15.1167,108.8,26.38,75,100,2.13,VN,1686337562
58,keflavik,64.0049,-22.5624,8.95,71,75,9.26,IS,1686337163
59,rancho palos verdes,33.7445,-118.387,19.99,82,100,4.12,US,1686337640
60,santo domingo petapa,16.8181,-95.1403,37.29,35,13,3.16,MX,1686337640
61,quelimane,-17.8786,36.8883,25.97,83,0,3.6,MZ,1686337641
62,hithadhoo,-0.6,73.0833,28.61,69,100,2.44,MV,1686337641
63,tura,25.5198,90.2201,24.64,87,100,1.83,IN,1686337641
64,yellowknife,62.456,-114.3525,15.87,63,15,8.05,CA,1686337641
65,san clemente del tuyu,-36.3569,-56.7235,12.21,63,100,4.99,AR,1686337641
66,hammerfest,70.6634,23.6821,5.25,70,75,3.09,NO,1686337641
67,coachella,33.6803,-116.1739,34.23,23,0,3.6,US,1686337383
68,ginir,7.1333,40.7,14.67,90,32,2.89,ET,1686337642
69,hermanus,-34.4187,19.2345,12.11,82,100,1.1,ZA,1686337525
70,college,64.8569,-147.8028,18.66,50,75,8.23,US,1686337642
71,mejit,10.2753,170.8646,27.66,82,100,6.4,MH,1686337642
72,kol'chugino,56.3,39.3833,11.5,68,94,4.22,RU,1686337643
73,kodiak,57.79,-152.4072,7.73,93,100,7.72,US,1686337379
74,vadso,70.0744,29.7487,6.49,61,40,6.69,NO,1686337398
75,lhasa,29.65,91.1,13.69,69,97,1.54,CN,1686337643
76,lorengau,-2.0226,147.2712,26.43,83,100,1.75,PG,1686337643
77,brookings,44.3114,-96.7984,25.14,78,40,3.6,US,1686337643
78,banda aceh,5.5577,95.3222,27.04,80,100,5.63,ID,1686337478
79,nemuro,43.3236,145.575,8.94,98,100,5.77,JP,1686337644
80,benguela,-12.5763,13.4055,21.3,85,90,1.01,AO,1686337644
81,road town,18.4167,-64.6167,31.05,70,40,4.12,VG,1686337644
82,laguna,38.421,-121.4238,25.73,52,0,5.14,US,1686337513
83,revda,56.801,59.9303,10.24,65,74,1.7,RU,1686337644
84,baoying,33.2292,119.3092,24.79,62,0,3.72,CN,1686337645
85,geraldton,-28.7667,114.6,10.23,87,0,4.12,AU,1686337645
86,inarajan village,13.2736,144.7484,28.08,97,100,1.16,GU,1686337645
87,richards bay,-28.783,32.0377,19.69,73,69,0.7,ZA,1686337646
88,kamina,-8.7386,24.9906,20.42,43,59,1.64,CD,1686337646
89,talnakh,69.4865,88.3972,3.24,79,12,3.52,RU,1686337646
90,magadan,59.5667,150.8,7.62,91,17,2.7,RU,1686337646
91,saldanha,-33.0117,17.9442,13.62,90,1,1.87,ZA,1686337647
92,chapada dos guimaraes,-15.4606,-55.7497,29.81,27,0,2.47,BR,1686337410
93,bandarbeyla,9.4942,50.8122,27.14,77,34,12.24,SO,1686337647
94,west island,-12.1568,96.8225,25.99,73,75,10.07,CC,1686337647
95,taksimo,56.3444,114.8794,11.27,60,24,0.46,RU,1686337648
96,marsh harbour,26.5412,-77.0636,28.77,66,100,6.13,BS,1686337525
97,namibe,-15.1961,12.1522,19.01,79,0,2.83,AO,1686337648
98,tyukhtet,56.5389,89.3011,14.1,93,100,4.13,RU,1686337648
99,vorgashor,67.5833,63.95,7.07,51,100,5.23,RU,1686337649
100,sassandra,4.95,-6.0833,25.61,90,91,3.64,CI,1686337649
101,kununurra,-15.7667,128.7333,18.99,88,96,0.0,AU,1686337563
102,sinop,41.7711,34.8709,14.95,90,100,1.19,TR,1686337649
103,lospalos,-8.5186,127.0025,21.62,91,25,2.52,TL,1686337649
104,vilyuchinsk,52.9306,158.4028,8.15,74,19,3.49,RU,1686337650
105,ottumwa,41.02,-92.4113,28.3,34,0,4.63,US,1686337650
106,constitucion,-35.3333,-72.4167,12.64,51,11,4.63,CL,1686337562
107,ontario,34.0633,-117.6509,27.03,70,100,3.09,US,1686337212
108,port alfred,-33.5906,26.891,12.32,84,39,1.79,ZA,1686337650
109,klaksvik,62.2266,-6.589,10.51,74,38,6.52,FO,1686337651
110,meadow lake,34.8014,-106.5436,28.58,17,100,3.32,US,1686337651
111,lihue,21.9789,-159.3672,25.77,80,75,5.14,US,1686337601
112,queanbeyan,-35.35,149.2333,3.88,95,4,2.06,AU,1686337651
113,susuman,62.7833,148.1667,12.21,59,10,1.08,RU,1686337651
114,lebu,-37.6167,-73.65,11.57,66,100,6.03,CL,1686337652
115,manta,-0.95,-80.7333,29.88,89,75,7.6,EC,1686337652
116,al jumum,21.6169,39.6981,36.44,21,2,1.55,SA,1686337652
117,minas de marcona,-15.2119,-75.1103,18.32,59,3,5.24,PE,1686337653
118,atafu village,-8.5421,-172.5159,28.61,75,15,5.34,TK,1686337653
119,yoichi,43.2039,140.7703,14.97,86,34,4.18,JP,1686337654
120,kingston,17.997,-76.7936,31.23,75,40,9.77,JM,1686337551
121,chibougamau,49.9168,-74.3659,15.49,50,94,1.62,CA,1686337654
122,belmonte,-15.8631,-38.8828,22.86,94,88,3.37,BR,1686337654
123,saint-pierre,-21.3393,55.4781,22.82,73,75,1.54,RE,1686337655
124,las heras,-46.5419,-68.9359,5.8,35,7,4.63,AR,1686337655
125,tarko-sale,64.9225,77.785,5.76,53,37,3.85,RU,1686337655
126,armacao de buzios,-22.7469,-41.8817,25.03,74,0,6.07,BR,1686337655
127,naze,28.3667,129.4833,22.57,91,100,3.75,JP,1686337655
128,santa ana de yacuma,-13.75,-65.4333,31.07,54,5,3.58,BO,1686337656
129,aykhal,66.0,111.5,15.49,75,100,3.59,RU,1686337656
130,poronaysk,49.2167,143.1167,6.98,88,100,1.04,RU,1686337657
131,shixing,24.9482,114.0657,24.05,98,93,1.35,CN,1686337657
132,nizhneudinsk,54.9076,99.0276,17.19,86,100,2.23,RU,1686337657
133,ishigaki,24.3448,124.1572,26.33,83,100,1.29,JP,1686337657
134,east london,-33.0153,27.9116,16.01,60,27,10.28,ZA,1686337657
135,thompson,55.7435,-97.8558,14.09,51,75,5.66,CA,1686337564
136,port douglas,-16.4833,145.4667,20.75,84,4,3.41,AU,1686337658
137,kuldiga,56.974,21.9572,13.83,52,49,3.42,LV,1686337658
138,punta arenas,-53.15,-70.9167,5.01,75,0,7.2,CL,1686337658
139,yuzhno-kurilsk,44.0306,145.8556,8.57,97,100,3.84,RU,1686337658
140,bhadarwah,32.9833,75.7167,17.15,70,48,1.06,IN,1686337658
141,aoulef,26.9667,1.0833,38.99,15,0,4.67,DZ,1686337659
142,ola,59.5833,151.2833,8.08,90,13,0.51,RU,1686337659
143,sinabang,2.4803,96.3801,26.91,83,100,2.29,ID,1686337659
144,petropavlovsk-kamchatsky,53.0452,158.6483,7.33,76,75,2.0,RU,1686337659
145,crane,31.3974,-102.3501,35.76,14,100,3.06,US,1686337660
146,stephenville,32.2207,-98.2023,34.53,36,0,2.06,US,1686337660
147,san julian,21.0167,-102.1667,30.07,11,14,1.65,MX,1686337660
148,huanggang,23.677,116.9996,26.19,90,100,0.26,CN,1686337660
149,atherton,53.5237,-2.4935,21.05,49,6,2.24,GB,1686337660
150,vilyuysk,63.7553,121.6247,11.29,69,100,2.47,RU,1686337661
151,bakanas,44.8081,76.2772,29.69,20,2,3.87,KZ,1686337661
152,port elizabeth,-33.918,25.5701,13.94,91,41,1.79,ZA,1686337661
153,wailua homesteads,22.0669,-159.378,25.44,84,75,5.14,US,1686337661
154,hamilton,39.1834,-84.5333,27.18,29,0,2.24,US,1686337208
155,malango,-2.9627,119.9001,18.39,97,32,1.24,ID,1686337662
156,port mathurin,-19.6833,63.4167,24.69,66,0,7.88,MU,1686337662
157,deqen,29.9618,90.7188,10.56,76,17,0.92,CN,1686337517
158,acarau,-2.8856,-40.12,28.31,77,11,6.93,BR,1686337663
159,labrador city,52.9463,-66.9114,12.0,72,100,3.81,CA,1686337663
160,georgetown,5.4112,100.3354,27.23,83,40,3.6,MY,1686337607
161,la ronge,55.1001,-105.2842,17.23,48,29,2.89,CA,1686337663
162,malaunay,49.5271,1.0429,26.67,44,0,4.63,FR,1686337663
163,eydhafushi,5.1033,73.0708,28.46,80,100,5.16,MV,1686337663
164,kudal,16.0333,73.6833,28.47,78,53,4.05,IN,1686337664
165,bilibino,68.0546,166.4372,16.67,38,69,0.7,RU,1686337664
166,patterson,37.4716,-121.1297,23.91,37,12,1.77,US,1686337664
167,zouerate,22.7187,-12.4521,34.2,18,5,6.55,MR,1686337664
168,ulladulla,-35.35,150.4667,9.3,68,2,3.27,AU,1686337280
169,iskateley,67.6803,53.1512,2.14,96,100,7.2,RU,1686337664
170,rockland,41.1668,-74.0496,23.5,54,42,0.89,US,1686337577
171,cabo san lucas,22.8909,-109.9124,31.45,65,20,5.14,MX,1686337545
172,avarua,-21.2078,-159.775,23.03,94,100,3.09,CK,1686337665
173,igarka,67.4667,86.5833,3.24,68,8,3.58,RU,1686337665
174,cidreira,-30.1811,-50.2056,25.58,47,91,3.49,BR,1686337665
175,illizi,26.4833,8.4667,37.73,13,5,6.58,DZ,1686337665
176,san patricio,28.017,-97.5169,37.31,42,0,2.44,US,1686337665
177,mahibadhoo,3.7833,72.9667,28.24,80,100,3.71,MV,1686337529
178,kievka,50.2619,71.5514,14.82,72,17,2.45,KZ,1686337666
179,ribeira grande,38.5167,-28.7,21.22,56,20,5.36,PT,1686337666
180,korla,41.7597,86.1469,27.5,24,96,3.69,CN,1686337666
181,tashtagol,52.7657,87.8894,14.8,95,57,1.16,RU,1686337666
182,pisco,-13.7,-76.2167,22.03,73,75,3.6,PE,1686337666
183,olonkinbyen,70.9221,-8.7187,2.33,97,100,6.91,SJ,1686337667
184,alofi,-19.0595,-169.9187,25.26,83,6,3.13,NU,1686337667
185,dwarka,22.2394,68.9678,29.02,83,0,4.39,IN,1686337667
186,magistral'nyy,56.1725,107.4458,14.05,59,39,1.74,RU,1686337667
187,nova sintra,14.8667,-24.7167,22.12,81,0,6.44,CV,1686337669
188,puerto aysen,-45.4,-72.7,4.02,93,100,3.6,CL,1686337669
189,manaure,11.7751,-72.4445,33.17,53,13,6.35,CO,1686337669
190,tiksi,71.6872,128.8694,10.2,60,99,5.3,RU,1686337657
191,ancud,-41.8697,-73.8203,8.92,66,21,9.9,CL,1686337377
192,bushehr,28.9684,50.8385,32.25,53,0,1.41,IR,1686337670
193,turkmenbasy,40.0222,52.9552,23.22,47,79,2.35,TM,1686337670
194,ostersund,63.1792,14.6357,16.25,33,40,4.63,SE,1686337670
195,buerarema,-14.9594,-39.2997,23.33,89,94,2.0,BR,1686337532
196,severo-yeniseyskiy,60.3725,93.0408,12.11,97,100,1.91,RU,1686337670
197,khandyga,62.6667,135.6,10.0,95,97,0.99,RU,1686337671
198,el alto,-4.2714,-81.2147,26.81,65,26,7.82,PE,1686337671
199,asosa,10.0667,34.5333,18.09,89,100,2.03,ET,1686337671
200,selfoss,63.9331,-20.9971,8.36,76,100,6.47,IS,1686337560
201,vredendal,-31.6683,18.5012,13.37,91,0,0.69,ZA,1686337671
202,ajdabiya,30.7554,20.2263,21.46,74,0,6.69,LY,1686337671
203,afaahiti,-17.75,-149.2833,25.93,72,77,9.07,PF,1686337672
204,shahr-e babak,30.1165,55.1186,22.35,36,13,5.87,IR,1686337672
205,agboville,5.928,-4.2132,24.97,94,86,2.38,CI,1686337672
206,aasiaat,68.7098,-52.8699,0.84,82,100,5.64,GL,1686337672
207,khovd,48.0056,91.6419,20.79,36,4,0.58,MN,1686337673
208,bokhan,53.153,103.7714,15.86,59,3,1.99,RU,1686337673
209,spearfish,44.4908,-103.8594,24.49,60,43,0.89,US,1686337673
210,el calafate,-50.3408,-72.2768,1.99,70,4,3.72,AR,1686337673
211,archangelos,36.2149,28.1149,22.39,87,3,5.22,GR,1686337673
212,anadyr,64.75,177.4833,8.28,61,0,5.0,RU,1686337673
213,colonia,50.9333,6.95,27.87,44,0,2.06,DE,1686337054
214,rota,36.6224,-6.3586,23.05,78,20,3.09,ES,1686337099
215,queenstown,-31.8976,26.8753,7.23,83,24,2.15,ZA,1686337674
216,san miniato,43.6899,10.8174,22.94,79,100,1.79,IT,1686337662
217,phalodi,27.1333,72.3667,35.54,31,0,9.33,IN,1686337674
218,fada,9.5667,8.3,21.74,91,84,0.62,NG,1686337674
219,leo,11.1,-2.1,32.5,38,3,3.06,BF,1686337674
220,polyarnyy,69.1989,33.4478,4.66,77,100,7.93,RU,1686337674
221,mabaruma,8.2,-59.7833,28.68,74,100,3.01,GY,1686337675
222,puerto quijarro,-17.7833,-57.7667,34.32,30,0,3.79,BO,1686337675
223,cockburn town,21.4612,-71.1419,28.07,83,24,5.72,TC,1686337675
224,iwaki,37.05,140.8833,19.32,94,100,1.07,JP,1686337675
225,gadzhiyevo,69.2551,33.3362,4.48,77,100,8.0,RU,1686337675
226,haiku-pauwela,20.9219,-156.3051,27.01,67,20,8.75,US,1686337675
227,san pedro,14.35,121.0167,27.42,91,40,1.03,PH,1686337559
228,dunay,42.8803,132.3375,11.23,95,75,4.22,RU,1686337676
229,alindao,5.0267,21.2088,21.8,99,100,1.53,CF,1686337676
230,isangel,-19.55,169.2667,20.99,68,31,4.32,VU,1686337676
231,soio,-6.1349,12.3689,22.93,90,100,2.01,AO,1686337676
232,sterling,39.0062,-77.4286,23.64,49,100,6.69,US,1686337560
233,tarawa,1.419,172.984,27.05,89,75,2.06,KI,1686337677
234,peruibe,-24.32,-46.9983,25.86,58,0,0.91,BR,1686337677
235,sandnessjoen,66.0217,12.6316,15.29,62,0,4.63,NO,1686337677
236,gamay,12.3854,125.2979,26.54,84,100,3.45,PH,1686337677
237,chernomorskoye,45.5039,32.6997,18.97,76,55,5.69,UA,1686337677
238,sumbe,-11.2061,13.8437,22.52,84,40,1.99,AO,1686337464
239,karapinar,37.716,33.5506,20.62,50,69,3.45,TR,1686337678
240,san andres,12.5847,-81.7006,31.01,74,40,4.63,CO,1686337678
241,guasdualito,7.2424,-70.7324,29.0,74,97,1.03,VE,1686337678
242,katabu,-4.9333,122.5167,23.75,97,55,2.24,ID,1686337678
243,portland,45.5234,-122.6762,15.79,90,100,1.54,US,1686337363
244,taunggyi,20.7833,97.0333,17.36,96,80,1.56,MM,1686337679
245,dauphin,51.1494,-100.0502,22.08,53,0,7.72,CA,1686337500
246,castillos,-34.1667,-53.8333,15.03,89,100,5.86,UY,1686337679
247,saipan,15.1355,145.701,27.39,100,75,0.0,MP,1686337679
248,prince rupert,54.3161,-130.3201,16.48,56,99,2.43,CA,1686337679
249,souillac,-20.5167,57.5167,24.21,78,40,3.6,MU,1686337680
250,palmer,42.1584,-72.3287,20.75,50,40,5.14,US,1686337680
251,sao joao da barra,-21.6403,-41.0511,26.05,67,0,5.31,BR,1686337516
252,bodo,67.28,14.405,10.53,69,0,3.6,NO,1686337680
253,tangshan,39.6333,118.1833,18.68,50,6,2.86,CN,1686337611
254,san antonio de pale,-1.4014,5.6325,25.16,77,100,4.56,GQ,1686337680
255,okhotsk,59.3833,143.3,7.44,82,100,2.46,RU,1686337680
256,cooma,-36.2333,149.1333,-0.21,92,12,0.91,AU,1686337681
257,bhitarwar,25.8,78.1167,36.63,24,97,2.06,IN,1686337681
258,cidade velha,14.9167,-23.6167,27.26,65,20,8.23,CV,1686337682
259,kavaratti,10.5669,72.642,29.2,76,100,9.01,IN,1686337538
260,fortuna,40.5982,-124.1573,15.37,95,75,3.09,US,1686337683
261,amarante do maranhao,-5.5667,-46.7422,28.36,66,98,0.37,BR,1686337684
262,rio grande,-32.035,-52.0986,28.06,62,100,5.77,BR,1686337684
263,la'ie,21.6477,-157.9253,27.98,82,92,5.81,US,1686337684
264,bredasdorp,-34.5322,20.0403,12.27,89,88,0.37,ZA,1686337685
265,mandalgovi,45.7625,106.2708,16.27,40,0,3.49,MN,1686337685
266,villa gesell,-37.2639,-56.973,11.7,54,100,8.69,AR,1686337593
267,kralupy nad vltavou,50.2411,14.3115,20.39,87,0,1.54,CZ,1686337685
268,arraial do cabo,-22.9661,-42.0278,24.92,65,0,4.63,BR,1686337686
269,tete,-16.1564,33.5867,24.63,37,3,1.36,MZ,1686337686
270,ugoofaaru,5.6667,73.0,28.51,79,100,5.46,MV,1686337687
271,ruteng,-8.6136,120.4721,17.06,94,100,0.98,ID,1686337687
272,pangoa,-12.1167,-73.0,29.32,53,46,1.83,PE,1686337687
273,turka,49.1541,23.0297,14.53,94,60,0.74,UA,1686337687
274,kourou,5.1552,-52.6478,30.03,71,17,3.15,GF,1686337688
275,kuressaare,58.2481,22.5039,14.45,50,6,4.63,EE,1686337688
276,ambovombe,-25.1667,46.0833,20.6,81,1,3.36,MG,1686337688
277,vila franca do campo,37.7167,-25.4333,19.23,82,99,1.35,PT,1686337688
278,taltal,-25.4,-70.4833,18.85,71,24,2.84,CL,1686337689
279,la maddalena,41.2142,9.4083,22.09,86,100,3.11,IT,1686337689
280,miri,4.4148,114.0089,24.87,83,100,1.34,MY,1686337689
281,ulaangom,49.9811,92.0667,21.75,40,37,2.2,MN,1686337690
282,baro,8.6,6.4167,26.87,76,39,1.07,NG,1686337690
283,mendoza,-32.8908,-68.8272,13.74,44,75,5.14,AR,1686337467
284,navolato,24.7672,-107.6944,33.1,21,31,3.53,MX,1686337691
285,live oak,36.9836,-121.9805,23.21,75,100,3.58,US,1686337691
286,terrace,54.5163,-128.6035,20.12,44,94,0.92,CA,1686337692
287,pathein,16.7833,94.7333,26.39,81,45,1.92,MM,1686337692
288,rajpipla,21.8667,73.5,30.17,73,0,6.54,IN,1686337692
289,touros,-5.1989,-35.4608,26.91,80,23,5.52,BR,1686337693
290,beaufort west,-32.3567,22.583,10.49,63,2,1.43,ZA,1686337694
291,curuca,-0.7289,-47.8481,28.02,84,4,2.79,BR,1686337694
292,ivdel',60.6911,60.4206,8.09,67,78,2.63,RU,1686337696
293,kone,-21.0595,164.8658,19.55,73,83,1.71,NC,1686337594
294,merizo village,13.2658,144.6691,27.85,97,100,1.45,GU,1686337696
295,oriximina,-1.7656,-55.8661,29.63,66,96,1.92,BR,1686337697
296,umm kaddadah,13.6017,26.6876,34.78,32,35,1.1,SD,1686337697
297,zhangye,38.9342,100.4517,23.29,18,75,2.47,CN,1686337698
298,saint-joseph,-21.3667,55.6167,22.21,80,19,4.37,RE,1686337698
299,polewali,-3.4324,119.3435,24.18,93,51,1.44,ID,1686337698
300,ust-tsilma,65.441,52.1498,7.54,95,100,2.05,RU,1686337699
301,tolanaro,-25.0319,46.9987,21.38,92,0,3.43,MG,1686337699
302,le port,-20.9373,55.2919,23.98,86,2,2.58,RE,1686337699
303,kiruna,67.8557,20.2251,11.51,30,0,3.09,SE,1686337699
304,karratha,-20.7377,116.8463,21.56,47,100,3.47,AU,1686337700
305,puerto madryn,-42.7692,-65.0385,12.38,22,0,5.15,AR,1686337213
306,cambridge,43.3601,-80.3127,22.25,66,100,5.14,CA,1686337437
307,ad dawadimi,24.5077,44.3924,32.09,14,0,2.7,SA,1686337701
308,tarnogskiy gorodok,60.4997,43.5761,5.65,73,15,3.63,RU,1686337701
309,island harbour,50.724,-1.2758,26.02,79,57,7.31,GB,1686337702
310,at taj,24.2049,23.2857,31.32,20,0,6.46,LY,1686337702
311,nema,57.5067,50.5011,12.79,95,100,4.94,RU,1686337702
312,pico truncado,-46.7949,-67.9573,6.57,29,97,3.67,AR,1686337702
313,katpur,21.05,71.7833,29.35,86,0,6.97,IN,1686337703
314,guri-si,37.5986,127.1394,17.82,78,47,1.72,KR,1686337703
315,kalmunai,7.4167,81.8167,27.4,78,100,3.2,LK,1686337703
316,uthal,25.8072,66.6219,29.09,77,99,3.91,PK,1686337703
317,qom,34.6401,50.8764,27.17,33,5,2.84,IR,1686337703
318,acapulco de juarez,16.8634,-99.8901,32.9,58,0,9.77,MX,1686337704
319,kamiiso,41.8167,140.65,14.04,99,100,3.01,JP,1686337704
320,santana,-0.0583,-51.1817,33.1,62,40,4.63,BR,1686337494
321,ormond beach,29.2858,-81.0559,33.95,62,100,1.34,US,1686337229
322,wanxian,30.8039,108.3897,23.88,88,78,0.99,CN,1686337704
323,greenville,35.6127,-77.3663,27.85,38,40,1.79,US,1686337647
324,bonthe,7.5264,-12.505,27.67,79,65,3.68,SL,1686337705
325,nuuk,64.1835,-51.7216,5.34,75,75,11.83,GL,1686337705
326,punta del este,-34.9667,-54.95,17.06,79,75,8.94,UY,1686337705
327,letlhakeng,-24.0944,25.0298,14.98,23,0,4.1,BW,1686337705
328,aripuana,-9.1667,-60.6333,33.71,41,60,1.04,BR,1686337705
329,praia da vitoria,38.7333,-27.0667,18.14,72,26,4.05,PT,1686337706
330,angamacutiro de la union,20.1667,-101.6833,34.41,12,13,1.98,MX,1686337706
331,khanty-mansiysk,61.0042,69.0019,7.06,100,2,0.0,RU,1686337706
332,itacarambi,-15.1022,-44.0919,31.63,31,62,1.7,BR,1686337706
333,vuktyl,63.8567,57.3094,10.5,51,86,6.44,RU,1686337707
334,howrah,22.5892,88.3103,26.0,83,100,2.57,IN,1686337707
335,port moresby,-9.4431,147.1797,23.72,86,58,4.25,PG,1686337707
336,dakhla,23.6848,-15.958,24.01,69,0,7.2,EH,1686337523
337,vorkuta,67.5,64.0,7.12,51,100,5.18,RU,1686337707
338,idri,27.5,13.2667,32.21,21,6,2.91,LY,1686337707
339,chela,34.069,104.4619,10.27,73,100,2.18,CN,1686337708
340,male,4.1748,73.5089,28.97,84,75,3.6,MV,1686337332
341,tanah merah,5.8,102.15,23.95,98,100,0.89,MY,1686337708
342,pyetrykaw,52.1289,28.4921,14.91,95,97,2.62,BY,1686337708
343,holualoa,19.6228,-155.9522,24.91,83,40,3.09,US,1686337608
344,kolokani,13.5728,-8.0339,36.7,18,0,1.73,ML,1686337708
345,rundu,-17.9333,19.7667,19.64,27,0,1.35,NA,1686337709
346,mount isa,-20.7333,139.5,12.87,41,5,3.6,AU,1686337709
347,jincheng,35.5022,112.8328,23.03,28,47,1.92,CN,1686337709
348,new norfolk,-42.7826,147.0587,10.51,75,51,4.06,AU,1686337709
349,leava,-14.3,-178.1667,27.28,76,4,3.52,WF,1686337710
350,fale old settlement,-9.3852,-171.2468,28.0,81,22,5.89,TK,1686337710
351,klyuchi,52.2667,79.1667,17.71,92,100,5.39,RU,1686337521
352,zandvoort,52.3749,4.5341,27.19,44,0,4.12,NL,1686337516
353,boyolangu,-8.1181,111.8935,23.67,90,81,2.13,ID,1686337710
354,buldana,20.5333,76.1833,29.73,51,3,9.35,IN,1686337150
355,imbituba,-28.24,-48.6703,26.03,60,5,1.64,BR,1686337710
356,rabo de peixe,37.8,-25.5833,18.73,77,40,4.12,PT,1686337711
357,guerrero negro,27.9769,-114.0611,19.92,61,6,7.65,MX,1686337711
358,bridgewater,44.3835,-64.5155,16.73,69,46,2.24,CA,1686337711
359,saint-philippe,-21.3585,55.7679,22.77,81,38,5.15,RE,1686337711
360,kasongo-lunda,-6.4667,16.8167,23.08,86,100,1.18,CD,1686337711
361,loango,-4.6719,11.8312,23.11,88,100,3.3,CG,1686337712
362,pohrebyshche,49.4864,29.2636,17.52,69,100,2.44,UA,1686337712
363,muroto-misakicho,33.2833,134.15,21.48,86,100,1.54,JP,1686337712
364,conceicao da barra,-18.5933,-39.7322,24.82,71,0,3.47,BR,1686337417
365,amga,60.8953,131.9608,8.56,98,28,1.09,RU,1686337712
366,abbeville,50.1,1.8333,24.98,74,8,2.79,FR,1686337713
367,alice springs,-23.7,133.8833,1.75,75,0,2.57,AU,1686337713
368,lazaro cardenas,17.9583,-102.2,30.88,58,7,4.97,MX,1686337713
369,kamakwie,9.5,-12.2333,26.24,91,100,2.41,SL,1686337713
370,nurota,40.5614,65.6886,24.35,35,18,6.51,UZ,1686337714
371,zakynthos,37.7914,20.8953,23.62,53,20,2.06,GR,1686337714
372,sultandagi,38.5311,31.2281,17.08,78,100,1.31,TR,1686337714
373,arkhangel'sk,64.5401,40.5433,4.3,80,60,4.3,RU,1686337714
374,mahebourg,-20.4081,57.7,24.16,78,40,3.6,MU,1686337715
375,princeville,45.7668,-61.2985,17.56,93,75,6.17,CA,1686337715
376,ta`u,-14.2336,-169.5144,27.67,79,20,4.21,AS,1686337715
377,sodo,6.8642,37.7628,15.29,84,100,0.98,ET,1686337715
378,christchurch,-43.5333,172.6333,8.86,92,100,0.45,NZ,1686337402
379,saudarkrokur,65.7461,-19.6394,9.32,80,100,4.91,IS,1686337715
380,papao,-17.75,-149.55,26.82,70,24,9.33,PF,1686337716
381,pleiku,13.9833,108.0,20.57,98,100,1.97,VN,1686337599
382,aktau,43.65,51.2,20.32,39,11,1.9,KZ,1686337716
383,la passe,45.5549,-0.8967,24.13,84,12,2.46,FR,1686337716
384,ingeniero jacobacci,-41.3427,-69.5448,6.03,54,0,15.0,AR,1686337716
385,linden,6.0,-58.3,28.38,85,47,1.93,GY,1686337717
386,betio village,1.358,172.9211,27.02,80,100,7.46,KI,1686337717
387,kerikeri,-35.2268,173.9474,7.73,92,90,2.42,NZ,1686337717
388,nizhniy kuranakh,58.8353,125.4869,9.95,95,28,0.99,RU,1686337718
389,novo aripuana,-5.1206,-60.3797,31.03,61,100,1.16,BR,1686337619
390,shingu,33.7333,135.9833,20.36,92,100,3.01,JP,1686337718
391,meihekou,42.5272,125.6753,11.3,93,51,2.39,CN,1686337718
392,st. john's,47.5649,-52.7093,11.49,96,100,3.6,CA,1686337430
393,new plymouth,-39.0667,174.0833,7.67,91,0,1.51,NZ,1686337219
394,baillif,16.0202,-61.7463,30.72,74,8,7.47,GP,1686337719
395,olyokminsk,60.3736,120.4264,10.04,88,97,1.72,RU,1686337719
396,novyy urengoy,66.0833,76.6333,5.2,55,11,2.88,RU,1686337719
397,antsiranana,-12.2787,49.2917,23.96,80,8,5.91,MG,1686337719
398,usogorsk,63.4106,48.6872,5.45,97,100,4.8,RU,1686337719
399,corner brook,48.9667,-57.9484,15.97,72,100,2.28,CA,1686337719
400,fort william,56.8165,-5.1121,20.73,58,87,1.5,GB,1686337719
401,verkhnevilyuysk,63.4453,120.3167,11.33,73,97,2.2,RU,1686337720
402,dongola,19.1667,30.4833,35.91,28,80,5.85,SD,1686337720
403,viljandi,58.3639,25.59,8.9,60,7,2.12,EE,1686337720
404,camana,-16.6228,-72.7111,19.43,72,53,3.24,PE,1686337720
405,chimoio,-19.1164,33.4833,21.92,60,75,0.89,MZ,1686337720
406,boguchany,58.3814,97.4531,16.58,91,6,2.13,RU,1686337721
407,nar'yan-mar,67.6713,53.087,2.15,96,100,7.33,RU,1686337721
408,kailua-kona,19.6406,-155.9956,26.98,83,40,3.09,US,1686337721
409,port lincoln,-34.7333,135.8667,13.79,73,93,3.22,AU,1686337721
410,urucui,-7.2294,-44.5561,35.72,30,55,3.08,BR,1686337721
411,uturoa,-16.7333,-151.4333,27.01,60,100,7.47,PF,1686337721
412,murray bridge,-35.1167,139.2667,11.74,88,16,3.23,AU,1686337721
413,remire-montjoly,4.9167,-52.2667,30.02,66,20,6.17,GF,1686337722
414,abong mbang,3.9833,13.1833,19.83,99,93,0.94,CM,1686337722
415,port macquarie,-31.4333,152.9167,6.05,66,0,2.79,AU,1686337722
416,lokhvytsya,50.3678,33.2602,18.57,69,78,3.0,UA,1686337722
417,kavieng,-2.5744,150.7967,27.22,77,71,1.13,PG,1686337722
418,chonchi,-42.6128,-73.8092,7.56,78,58,4.41,CL,1686337723
419,gagarin,55.5529,34.9954,11.32,83,30,3.58,RU,1686337723
420,medicine hat,50.0501,-110.6683,27.9,33,94,2.24,CA,1686337723
421,emmeloord,52.7108,5.7486,21.67,72,6,5.95,NL,1686337454
422,virginia,37.5481,-77.4467,26.05,42,75,5.14,US,1686337723
423,luganville,-15.5333,167.1667,23.7,71,97,3.94,VU,1686337724
424,mokwa,9.2833,5.05,27.01,70,37,1.63,NG,1686337724
425,mora,11.0461,14.1401,30.59,47,100,2.23,CM,1686337724
426,lesosibirsk,58.2358,92.4828,15.15,97,100,3.91,RU,1686337724
427,lincoln city,44.9582,-124.0179,17.7,88,100,1.34,US,1686337672
428,muromtsevo,56.3724,75.2418,14.56,60,62,1.89,RU,1686337724
429,mangai,-4.05,19.5333,21.23,97,100,1.87,CD,1686337724
430,altamira,-3.2033,-52.2064,30.15,66,38,1.03,BR,1686337725
431,tabou,4.423,-7.3528,25.97,87,55,3.29,CI,1686337725
432,cururupu,-1.8283,-44.8683,28.25,75,24,2.83,BR,1686337725
433,cabedelo,-6.9811,-34.8339,26.37,80,56,6.69,BR,1686337574
434,kostopil',50.8784,26.4519,15.36,96,82,3.45,UA,1686337725
435,bubaque,11.2833,-15.8333,27.64,77,24,6.99,GW,1686337725
436,isla mujeres,21.2311,-86.731,30.09,76,0,5.07,MX,1686337726
437,aconibe,1.2968,10.9369,20.99,97,100,0.44,GQ,1686337726
438,bayanhongor,46.7167,100.1167,11.15,66,73,1.67,MN,1686337726
439,bawku,11.0616,-0.2417,34.14,41,18,3.93,GH,1686337726
440,sola,-13.8833,167.55,25.07,75,100,10.06,VU,1686337726
441,ixtapa,20.7,-105.2,29.57,66,0,5.66,MX,1686337726
442,mana,5.6592,-53.7767,28.2,75,25,3.76,GF,1686337726
443,dame-marie,18.5667,-74.4167,30.59,61,85,1.99,HT,1686337727
444,domanic,39.8,29.6167,14.67,95,46,1.22,TR,1686337727
445,margate,51.3813,1.3862,19.61,84,3,4.47,GB,1686337689
446,westport,41.1415,-73.3579,22.75,61,40,5.14,US,1686337518
447,buta,2.7858,24.73,21.73,96,98,0.83,CD,1686337727
448,campamento,14.55,-86.65,35.34,29,64,1.53,HN,1686337727
449,shahrud,36.4182,54.9763,16.51,71,0,3.8,IR,1686337727
450,north bend,43.4065,-124.2243,17.36,88,100,4.63,US,1686337513
451,gulf shores,30.246,-87.7008,35.16,65,18,4.02,US,1686337612
452,hilton head island,32.2163,-80.7526,28.32,71,40,2.57,US,1686337623
453,buenavista,8.9769,125.4089,25.12,88,100,1.5,PH,1686337728
454,barillas,15.8036,-91.3158,30.08,30,100,2.72,GT,1686337728
455,hohhot,40.8106,111.6522,14.79,26,0,1.89,CN,1686337728
456,tazovsky,67.4667,78.7,2.68,65,57,2.82,RU,1686337728
457,arar,30.9753,41.0381,33.01,15,40,6.17,SA,1686337465
458,buka,40.8108,69.1986,26.45,34,100,2.99,UZ,1686337729
459,nyaunglebin,17.95,96.7333,24.81,92,100,1.59,MM,1686337729
460,federacion,-31.0062,-57.8996,24.77,58,71,3.26,AR,1686337729
461,vozhega,60.4725,40.2213,4.76,68,11,3.17,RU,1686337729
462,qamdo,31.1667,97.2333,2.17,93,100,3.38,CN,1686337729
463,porto novo,6.4965,2.6036,25.88,84,88,3.42,BJ,1686337729
464,acajutla,13.5928,-89.8275,30.38,68,71,3.81,SV,1686337730
465,makinsk,52.6292,70.4169,14.23,61,28,2.94,KZ,1686337730
466,burang,30.25,81.1667,3.86,80,11,0.47,CN,1686337730
467,doornsteeg,52.2305,5.4507,26.29,62,14,6.12,NL,1686337730
468,vojens,55.2464,9.306,17.99,63,0,5.14,DK,1686337730
469,burao,9.5221,45.5336,25.09,61,69,6.83,SO,1686337730
470,yung shue wan,22.2333,114.1167,29.26,84,100,0.45,HK,1686337731
471,krasnoarmeysk,51.0239,45.6969,17.79,62,37,3.13,RU,1686337731
472,moyobamba,-6.05,-76.9667,26.84,66,32,1.42,PE,1686337448
473,axim,4.8699,-2.2405,25.9,84,86,4.71,GH,1686337731
474,dunedin,-45.8742,170.5036,7.11,80,3,1.34,NZ,1686337731
475,kuusamo,65.9667,29.1833,7.02,57,0,2.06,FI,1686337731
476,guozhen,34.3659,107.359,23.24,34,68,2.44,CN,1686337731
477,enriquillo,17.9,-71.2333,31.82,63,6,4.01,DO,1686337732
478,gaigeturi,33.4644,126.3183,19.03,94,40,2.06,KR,1686337732
479,morehead city,34.7229,-76.726,27.01,62,0,3.6,US,1686337732
480,ouesso,1.6136,16.0517,20.65,98,100,0.36,CG,1686337732
481,painesville,41.7245,-81.2457,22.93,51,0,2.57,US,1686337732
482,dudinka,69.4058,86.1778,3.68,65,61,2.92,RU,1686337732
483,airway heights,47.6446,-117.5933,17.88,85,100,4.12,US,1686337733
484,carutapera,-1.195,-46.02,28.51,74,14,3.85,BR,1686337733
485,muisne,0.6,-80.0333,27.57,79,86,4.66,EC,1686337733
486,caracal,44.1167,24.35,19.55,55,14,1.5,RO,1686337733
487,jieshi,22.8134,115.8257,27.43,84,59,2.12,CN,1686337733
488,talara,-4.5772,-81.2719,28.42,65,20,6.69,PE,1686337733
489,scarborough,54.2797,-0.4044,12.03,84,16,1.79,GB,1686337507
490,diu,20.7141,70.9822,29.24,85,5,5.82,IN,1686337733
491,dedovichi,57.5517,29.9502,9.11,61,5,3.09,RU,1686337734
492,poltavka,54.3663,71.7632,14.7,74,84,2.85,RU,1686337734
493,natchitoches,31.7668,-93.1335,33.47,49,0,2.06,US,1686337734
494,kaiapoi,-43.3783,172.6401,8.94,95,100,0.0,NZ,1686337734
495,hasaki,35.7333,140.8333,20.22,92,100,5.14,JP,1686337734
496,tamandare,-8.7597,-35.1047,26.8,73,25,4.01,BR,1686337734
497,chissamba,-12.1667,17.3333,18.83,40,7,1.22,AO,1686337735
498,sainte-anne-des-monts,49.124,-66.4924,10.87,84,60,3.63,CA,1686337735
499,la quiaca,-22.1024,-65.593,19.81,4,0,1.52,AR,1686337735
500,colchani,-20.3,-66.9333,8.66,21,0,1.97,BO,1686337735
501,nanao,37.05,136.9667,17.95,97,95,1.94,JP,1686337735
502,kill devil hills,36.0307,-75.676,24.01,60,0,4.12,US,1686337736
503,orchomenos,38.4929,22.9796,22.98,49,58,1.32,GR,1686337736
504,northam,51.0333,-4.2167,19.58,79,100,6.37,GB,1686337736
505,ebon,4.582,168.6964,26.8,86,100,7.17,MH,1686337736
506,rampur,28.8167,79.0333,32.84,20,0,2.23,IN,1686337405
507,okha,53.5739,142.9478,7.62,86,29,3.58,RU,1686337737
508,caleta de carquin,-11.0925,-77.6267,23.4,69,11,5.62,PE,1686337737
509,yurgamysh,55.3714,64.4656,8.66,79,5,2.15,RU,1686337737
510,codrington,-38.2667,141.9667,9.26,86,100,5.32,AU,1686337737
511,belem de sao francisco,-8.7539,-38.9658,30.77,40,100,5.27,BR,1686337568
512,kibale,0.8,31.0667,17.87,82,100,1.22,UG,1686337737
513,kansipati,6.0011,121.2344,25.85,89,28,1.92,PH,1686337738
514,irkutsk,52.2978,104.2964,12.43,58,0,2.0,RU,1686337738
515,moanda,-1.5575,13.2178,23.1,90,100,0.45,GA,1686337738
516,taguatinga,-12.3857,-46.5711,34.05,27,72,2.06,BR,1686337738
517,fort mcmurray,56.7268,-111.381,27.66,28,19,1.66,CA,1686337738
518,preobrazheniye,42.9019,133.9064,11.56,96,71,1.29,RU,1686337738
519,la foa,-21.7108,165.8276,18.58,83,14,2.12,NC,1686337739
520,toccoa,34.5773,-83.3324,27.59,34,40,4.63,US,1686337654
521,inongo,-1.95,18.2667,20.91,96,100,2.58,CD,1686337739
522,chiang klang,19.2938,100.8617,23.7,99,100,0.42,TH,1686337739
523,mogadishu,2.0371,45.3438,26.14,88,100,7.21,SO,1686337739
524,greenwood,34.1668,-82.1165,27.26,37,0,2.06,US,1686337739
525,bam,29.106,58.357,26.65,33,2,3.29,IR,1686337739
526,wotho,10.1657,166.0102,27.69,82,99,8.25,MH,1686337740
527,undurkhaan,47.3194,110.6556,11.13,64,7,1.95,MN,1686337740
528,windsbach,49.2479,10.8265,22.54,52,0,3.09,DE,1686337740
529,benjamin aceval,-24.9667,-57.5667,31.08,54,0,3.16,PY,1686337740
530,carnarvon,-24.8667,113.6333,17.42,69,0,4.7,AU,1686337740
531,rongelap,11.1635,166.8941,27.74,81,100,7.88,MH,1686337740
532,rantoul,40.3084,-88.1559,26.69,24,0,0.0,US,1686337740
533,achit,56.7985,57.8994,8.76,69,6,1.42,RU,1686337741
534,iringa,-7.7667,35.7,13.72,90,40,2.84,TZ,1686337741
535,shantobe,52.4581,68.1839,14.04,69,79,2.52,KZ,1686337741
536,sanctuary point,-35.1114,150.629,10.18,59,0,3.91,AU,1686337741
537,jindabyne,-36.4167,148.6333,0.96,92,24,1.84,AU,1686337741
538,pocahontas,36.2615,-90.9712,27.95,35,0,2.57,US,1686337446
539,dzhalagash,45.0833,64.6667,23.48,25,0,4.51,KZ,1686337742
540,az zuwaytinah,30.9522,20.1202,21.77,76,0,7.05,LY,1686337743
541,kapuskasing,49.4169,-82.4331,26.9,23,6,2.43,CA,1686337743
542,jayapura,-2.5333,140.7,24.66,91,59,1.95,ID,1686337743
543,tangalle,6.024,80.7911,27.09,88,100,5.43,LK,1686337744
544,voinjama,8.4219,-9.7478,22.17,92,39,1.05,LR,1686337744
545,puerto leguizamo,-0.1934,-74.7819,27.1,88,40,0.28,CO,1686337744
546,tralee,52.2704,-9.7026,21.14,60,0,7.72,IE,1686337745
547,kruisfontein,-34.0033,24.7314,12.71,90,33,3.58,ZA,1686337745
548,amble,55.3333,-1.5833,11.84,80,100,3.09,GB,1686337745
549,mandan,46.8267,-100.8896,28.78,61,75,5.14,US,1686337421
550,fonte boa,-2.4959,-66.2662,27.99,92,68,1.08,BR,1686337745
551,rawai,7.7797,98.3253,26.06,77,100,3.75,TH,1686337746
552,tailai,46.3833,123.4,13.44,92,100,3.33,CN,1686337746
553,novodvinsk,64.4165,40.8122,3.97,80,49,4.09,RU,1686337625
554,pacific grove,36.6177,-121.9166,18.57,79,100,3.09,US,1686337746
555,bayindir,38.2174,27.6474,23.34,82,0,2.16,TR,1686337747
556,ubari,26.5921,12.7805,32.61,19,2,4.4,LY,1686337747
557,chania,35.5122,24.0156,21.78,78,20,3.6,GR,1686337747
558,leona vicario,20.9667,-87.1917,29.99,32,0,1.57,MX,1686337747
559,yaren,-0.5472,166.916,26.36,83,100,1.29,NR,1686337747
560,bathsheba,13.2167,-59.5167,31.34,74,40,5.66,BB,1686337602
561,igrim,63.1906,64.4162,7.16,65,38,2.59,RU,1686337748
562,kassala,15.451,36.4,35.68,27,93,5.76,SD,1686337748
563,iquique,-20.2208,-70.1431,20.02,70,10,3.37,CL,1686337279
564,thames,-37.1333,175.5333,6.98,92,6,2.31,NZ,1686337748
565,hilo,19.7297,-155.09,28.49,72,20,3.09,US,1686337676
566,mananjary,-21.2167,48.3333,21.99,89,17,2.5,MG,1686337749
567,port saint john's,-31.6229,29.5448,18.04,58,9,7.57,ZA,1686337749
568,stralsund,54.3091,13.0818,15.57,81,26,7.05,DE,1686337749
569,ambon,-3.6954,128.1814,28.82,79,40,3.09,ID,1686337749
570,amahai,-3.3333,128.9167,27.78,89,65,1.43,ID,1686337750
571,palikir - national government center,6.9248,158.1611,27.63,79,100,5.99,FM,1686337750
572,kiunga,-6.1219,141.2906,21.51,100,95,0.77,PG,1686337750
573,selizharovo,56.8519,33.4487,9.61,64,2,4.35,RU,1686337750
574,la sarre,48.8002,-79.1996,20.29,56,83,0.38,CA,1686337750
575,kristinehamn,59.3098,14.1081,18.31,41,3,3.03,SE,1686337750
576,turochak,52.2576,87.1224,16.47,97,90,1.5,RU,1686337750
